title,price_gbp,availability,product_url,source_page
A Light in the Attic,51.77,In stock,https://books.toscrape.com/catalogue/a-light-in-the-attic_1000/index.html,1
Tipping the Velvet,53.74,In stock,https://books.toscrape.com/catalogue/tipping-the-velvet_999/index.html,1
Soumission,50.1,In stock,https://books.toscrape.com/catalogue/soumission_998/index.html,1
Sharp Objects,47.82,In stock,https://books.toscrape.com/catalogue/sharp-objects_997/index.html,1
Sapiens: A Brief History of Humankind,54.23,In stock,https://books.toscrape.com/catalogue/sapiens-a-brief-history-of-humankind_996/index.html,1
The Requiem Red,22.65,In stock,https://books.toscrape.com/catalogue/the-requiem-red_995/index.html,1
The Dirty Little Secrets of Getting Your Dream Job,33.34,In stock,https://books.toscrape.com/catalogue/the-dirty-little-secrets-of-getting-your-dream-job_994/index.html,1
"The Coming Woman: A Novel Based on the Life of the Infamous Feminist, Victoria Woodhull",17.93,In stock,https://books.toscrape.com/catalogue/the-coming-woman-a-novel-based-on-the-life-of-the-infamous-feminist-victoria-woodhull_993/index.html,1
The Boys in the Boat: Nine Americans and Their Epic Quest for Gold at the 1936 Berlin Olympics,22.6,In stock,https://books.toscrape.com/catalogue/the-boys-in-the-boat-nine-americans-and-their-epic-quest-for-gold-at-the-1936-berlin-olympics_992/index.html,1
The Black Maria,52.15,In stock,https://books.toscrape.com/catalogue/the-black-maria_991/index.html,1
"Starving Hearts (Triangular Trade Trilogy, #1)",13.99,In stock,https://books.toscrape.com/catalogue/starving-hearts-triangular-trade-trilogy-1_990/index.html,1
Shakespeare's Sonnets,20.66,In stock,https://books.toscrape.com/catalogue/shakespeares-sonnets_989/index.html,1
Set Me Free,17.46,In stock,https://books.toscrape.com/catalogue/set-me-free_988/index.html,1
Scott Pilgrim's Precious Little Life (Scott Pilgrim #1),52.29,In stock,https://books.toscrape.com/catalogue/scott-pilgrims-precious-little-life-scott-pilgrim-1_987/index.html,1
Rip it Up and Start Again,35.02,In stock,https://books.toscrape.com/catalogue/rip-it-up-and-start-again_986/index.html,1
"Our Band Could Be Your Life: Scenes from the American Indie Underground, 1981-1991",57.25,In stock,https://books.toscrape.com/catalogue/our-band-could-be-your-life-scenes-from-the-american-indie-underground-1981-1991_985/index.html,1
Olio,23.88,In stock,https://books.toscrape.com/catalogue/olio_984/index.html,1
Mesaerion: The Best Science Fiction Stories 1800-1849,37.59,In stock,https://books.toscrape.com/catalogue/mesaerion-the-best-science-fiction-stories-1800-1849_983/index.html,1
Libertarianism for Beginners,51.33,In stock,https://books.toscrape.com/catalogue/libertarianism-for-beginners_982/index.html,1
It's Only the Himalayas,45.17,In stock,https://books.toscrape.com/catalogue/its-only-the-himalayas_981/index.html,1
In Her Wake,12.84,In stock,https://books.toscrape.com/catalogue/in-her-wake_980/index.html,2
How Music Works,37.32,In stock,https://books.toscrape.com/catalogue/how-music-works_979/index.html,2
"Foolproof Preserving: A Guide to Small Batch Jams, Jellies, Pickles, Condiments, and More",30.52,In stock,https://books.toscrape.com/catalogue/foolproof-preserving-a-guide-to-small-batch-jams-jellies-pickles-condiments-and-more-a-foolproof-guide-to-making-small-batch-jams-jellies-pickles-condiments-and-more_978/index.html,2
Chase Me (Paris Nights #2),25.27,In stock,https://books.toscrape.com/catalogue/chase-me-paris-nights-2_977/index.html,2
Black Dust,34.53,In stock,https://books.toscrape.com/catalogue/black-dust_976/index.html,2
Birdsong: A Story in Pictures,54.64,In stock,https://books.toscrape.com/catalogue/birdsong-a-story-in-pictures_975/index.html,2
America's Cradle of Quarterbacks,22.5,In stock,https://books.toscrape.com/catalogue/americas-cradle-of-quarterbacks-western-pennsylvanias-football-factory-from-johnny-unitas-to-joe-montana_974/index.html,2
Aladdin and His Wonderful Lamp,53.13,In stock,https://books.toscrape.com/catalogue/aladdin-and-his-wonderful-lamp_973/index.html,2
Worlds Elsewhere: Journeys Around Shakespeare's Globe,40.3,In stock,https://books.toscrape.com/catalogue/worlds-elsewhere-journeys-around-shakespeares-globe_972/index.html,2
Wall and Piece,44.18,In stock,https://books.toscrape.com/catalogue/wall-and-piece_971/index.html,2
The Four Agreements: A Practical Guide to Personal Freedom,17.66,In stock,https://books.toscrape.com/catalogue/the-four-agreements-a-practical-guide-to-personal-freedom_970/index.html,2
The Five Love Languages,31.05,In stock,https://books.toscrape.com/catalogue/the-five-love-languages-how-to-express-heartfelt-commitment-to-your-mate_969/index.html,2
The Elephant Tree,23.82,In stock,https://books.toscrape.com/catalogue/the-elephant-tree_968/index.html,2
The Bear and the Piano,36.89,In stock,https://books.toscrape.com/catalogue/the-bear-and-the-piano_967/index.html,2
Sophie's World,15.94,In stock,https://books.toscrape.com/catalogue/sophies-world_966/index.html,2
Penny Maybe,33.29,In stock,https://books.toscrape.com/catalogue/penny-maybe_965/index.html,2
Maude (1883-1993),18.02,In stock,https://books.toscrape.com/catalogue/maude-1883-1993she-grew-up-with-the-country_964/index.html,2
"In a Dark, Dark Wood",19.63,In stock,https://books.toscrape.com/catalogue/in-a-dark-dark-wood_963/index.html,2
Behind Closed Doors,52.22,In stock,https://books.toscrape.com/catalogue/behind-closed-doors_962/index.html,2
You can't bury them all: Poems,33.63,In stock,https://books.toscrape.com/catalogue/you-cant-bury-them-all-poems_961/index.html,2
Slow States of Collapse: Poems,57.31,In stock,https://books.toscrape.com/catalogue/slow-states-of-collapse-poems_960/index.html,3
Reasons to Stay Alive,26.41,In stock,https://books.toscrape.com/catalogue/reasons-to-stay-alive_959/index.html,3
Private Paris (Private #10),47.61,In stock,https://books.toscrape.com/catalogue/private-paris-private-10_958/index.html,3
#HigherSelfie,23.11,In stock,https://books.toscrape.com/catalogue/higherselfie-wake-up-your-life-free-your-soul-find-your-tribe_957/index.html,3
Without Borders (Wanderlove #1),45.07,In stock,https://books.toscrape.com/catalogue/without-borders-wanderlove-1_956/index.html,3
When We Collided,31.77,In stock,https://books.toscrape.com/catalogue/when-we-collided_955/index.html,3
"We Love You, Charlie Freeman",50.27,In stock,https://books.toscrape.com/catalogue/we-love-you-charlie-freeman_954/index.html,3
Untitled Collection: Sabbath Poems 2014,14.27,In stock,https://books.toscrape.com/catalogue/untitled-collection-sabbath-poems-2014_953/index.html,3
Unseen City,44.18,In stock,https://books.toscrape.com/catalogue/unseen-city-the-majesty-of-pigeons-the-discreet-charm-of-snails-other-wonders-of-the-urban-wilderness_952/index.html,3
Unicorn Tracks,18.78,In stock,https://books.toscrape.com/catalogue/unicorn-tracks_951/index.html,3
Unbound,25.52,In stock,https://books.toscrape.com/catalogue/unbound-how-eight-technologies-made-us-human-transformed-society-and-brought-our-world-to-the-brink_950/index.html,3
Tsubasa: WoRLD CHRoNiCLE 2,16.28,In stock,https://books.toscrape.com/catalogue/tsubasa-world-chronicle-2-tsubasa-world-chronicle-2_949/index.html,3
Throwing Rocks at the Google Bus,31.12,In stock,https://books.toscrape.com/catalogue/throwing-rocks-at-the-google-bus-how-growth-became-the-enemy-of-prosperity_948/index.html,3
This One Summer,19.49,In stock,https://books.toscrape.com/catalogue/this-one-summer_947/index.html,3
Thirst,17.27,In stock,https://books.toscrape.com/catalogue/thirst_946/index.html,3
The Torch Is Passed,19.09,In stock,https://books.toscrape.com/catalogue/the-torch-is-passed-a-harding-family-story_945/index.html,3
The Secret of Dreadwillow Carse,56.13,In stock,https://books.toscrape.com/catalogue/the-secret-of-dreadwillow-carse_944/index.html,3
The Pioneer Woman Cooks: Dinnertime,56.41,In stock,https://books.toscrape.com/catalogue/the-pioneer-woman-cooks-dinnertime-comfort-classics-freezer-food-16-minute-meals-and-other-delicious-ways-to-solve-supper_943/index.html,3
The Past Never Ends,56.5,In stock,https://books.toscrape.com/catalogue/the-past-never-ends_942/index.html,3
The Natural History of Us,45.22,In stock,https://books.toscrape.com/catalogue/the-natural-history-of-us-the-fine-art-of-pretending-2_941/index.html,3
The Nameless City,38.16,In stock,http://books.toscrape.com/catalogue/the-nameless-city-the-nameless-city-1_940/index.html,4
The Murder That Never Was,54.11,In stock,http://books.toscrape.com/catalogue/the-murder-that-never-was-forensic-instincts-5_939/index.html,4
The Most Perfect Thing,42.96,In stock,http://books.toscrape.com/catalogue/the-most-perfect-thing-inside-and-outside-a-birds-egg_938/index.html,4
The Mindfulness and Acceptance Workbook,23.89,In stock,http://books.toscrape.com/catalogue/the-mindfulness-and-acceptance-workbook-for-anxiety-a-guide-to-breaking-free-from-anxiety-phobias-and-worry-using-acceptance-and-commitment-therapy_937/index.html,4
The Life-Changing Magic of Tidying Up,16.77,In stock,http://books.toscrape.com/catalogue/the-life-changing-magic-of-tidying-up-the-japanese-art-of-decluttering-and-organizing_936/index.html,4
The Inefficiency Assassin,20.59,In stock,http://books.toscrape.com/catalogue/the-inefficiency-assassin-time-management-tactics-for-working-smarter-not-longer_935/index.html,4
The Gutsy Girl,37.13,In stock,http://books.toscrape.com/catalogue/the-gutsy-girl-escapades-for-your-life-of-epic-adventure_934/index.html,4
The Electric Pencil,56.06,In stock,http://books.toscrape.com/catalogue/the-electric-pencil-drawings-from-inside-state-hospital-no-3_933/index.html,4
The Death of Humanity,58.11,In stock,http://books.toscrape.com/catalogue/the-death-of-humanity-and-the-case-for-life_932/index.html,4
The Bulletproof Diet,49.05,In stock,http://books.toscrape.com/catalogue/the-bulletproof-diet-lose-up-to-a-pound-a-day-reclaim-energy-and-focus-upgrade-your-life_931/index.html,4
The Art Forger,40.76,In stock,http://books.toscrape.com/catalogue/the-art-forger_930/index.html,4
The Age of Genius,19.73,In stock,http://books.toscrape.com/catalogue/the-age-of-genius-the-seventeenth-century-and-the-birth-of-the-modern-mind_929/index.html,4
The Activist's Tao Te Ching,32.24,In stock,http://books.toscrape.com/catalogue/the-activists-tao-te-ching-ancient-advice-for-a-modern-revolution_928/index.html,4
Spark Joy,41.83,In stock,http://books.toscrape.com/catalogue/spark-joy-an-illustrated-master-class-on-the-art-of-organizing-and-tidying-up_927/index.html,4
Soul Reader,39.58,In stock,http://books.toscrape.com/catalogue/soul-reader_926/index.html,4
Security,39.25,In stock,http://books.toscrape.com/catalogue/security_925/index.html,4
"Saga, Volume 6",25.02,In stock,http://books.toscrape.com/catalogue/saga-volume-6-saga-collected-editions-6_924/index.html,4
"Saga, Volume 5",51.04,In stock,http://books.toscrape.com/catalogue/saga-volume-5-saga-collected-editions-5_923/index.html,4
Reskilling America,19.83,In stock,http://books.toscrape.com/catalogue/reskilling-america-learning-to-labor-in-the-twenty-first-century_922/index.html,4
"Rat Queens, Vol. 3",50.4,In stock,http://books.toscrape.com/catalogue/rat-queens-vol-3-demons-rat-queens-collected-editions-11-15_921/index.html,4
Princess Jellyfish 2-in-1 Omnibus,13.61,In stock,http://books.toscrape.com/catalogue/princess-jellyfish-2-in-1-omnibus-vol-01-princess-jellyfish-2-in-1-omnibus-1_920/index.html,5
Princess Between Worlds,13.34,In stock,http://books.toscrape.com/catalogue/princess-between-worlds-wide-awake-princess-5_919/index.html,5
"Pop Gun War, Volume 1: Gift",18.97,In stock,http://books.toscrape.com/catalogue/pop-gun-war-volume-1-gift_918/index.html,5
Political Suicide,36.28,In stock,http://books.toscrape.com/catalogue/political-suicide-missteps-peccadilloes-bad-calls-backroom-hijinx-sordid-pasts-rotten-breaks-and-just-plain-dumb-mistakes-in-the-annals-of-american-politics_917/index.html,5
Patience,10.16,In stock,http://books.toscrape.com/catalogue/patience_916/index.html,5
"Outcast, Vol. 1",15.44,In stock,http://books.toscrape.com/catalogue/outcast-vol-1-a-darkness-surrounds-him-outcast-1_915/index.html,5
orange: The Complete Collection 1,48.41,In stock,http://books.toscrape.com/catalogue/orange-the-complete-collection-1-orange-the-complete-collection-1_914/index.html,5
Online Marketing for Busy Authors,46.35,In stock,http://books.toscrape.com/catalogue/online-marketing-for-busy-authors-a-step-by-step-guide_913/index.html,5
On a Midnight Clear,14.07,In stock,http://books.toscrape.com/catalogue/on-a-midnight-clear_912/index.html,5
Obsidian (Lux #1),14.86,In stock,http://books.toscrape.com/catalogue/obsidian-lux-1_911/index.html,5
My Paris Kitchen,33.37,In stock,http://books.toscrape.com/catalogue/my-paris-kitchen-recipes-and-stories_910/index.html,5
Masks and Shadows,56.4,In stock,http://books.toscrape.com/catalogue/masks-and-shadows_909/index.html,5
Mama Tried,14.02,In stock,http://books.toscrape.com/catalogue/mama-tried-traditional-italian-cooking-for-the-screwed-crude-vegan-and-tattooed_908/index.html,5
"Lumberjanes, Vol. 2",46.91,In stock,http://books.toscrape.com/catalogue/lumberjanes-vol-2-friendship-to-the-max-lumberjanes-5-8_907/index.html,5
"Lumberjanes, Vol. 1",45.61,In stock,http://books.toscrape.com/catalogue/lumberjanes-vol-1-beware-the-kitten-holy-lumberjanes-1-4_906/index.html,5
Lumberjanes Vol. 3,19.92,In stock,http://books.toscrape.com/catalogue/lumberjanes-vol-3-a-terrible-plan-lumberjanes-9-12_905/index.html,5
Layered,40.11,In stock,http://books.toscrape.com/catalogue/layered-baking-building-and-styling-spectacular-cakes_904/index.html,5
Judo,53.9,In stock,http://books.toscrape.com/catalogue/judo-seven-steps-to-black-belt-an-introductory-guide-for-beginners_903/index.html,5
Join,35.67,In stock,http://books.toscrape.com/catalogue/join_902/index.html,5
In the Country We Love,22.0,In stock,http://books.toscrape.com/catalogue/in-the-country-we-love-my-family-divided_901/index.html,5
